Lane,Bestandsmenge,Kapazitaet,Lagernutzungsgrad,Bestandsgenauigkeit,Durchschnittliche Wartezeit,Lagerumschlagsrate,Reichweite,Wiederbeschaffungszeit
LD1,16.0,40.0,40.0,100,0.0208333333333333,0.1041666666666666,0.0416666666666666,0.0
LD2,8.0,20.0,40.0,100,0.0208333333333333,0.1041666666666666,0.0416666666666666,0.0
LG1,24.0,40.0,60.0,100,0.0208333333333333,0.1041666666666666,0.0625,0.0
LG2,32.0,40.0,80.0,100,0.0208333333333333,0.1041666666666666,0.0833333333333333,0.0
LG3,8.0,20.0,40.0,100,0.0208333333333333,0.1041666666666666,0.0416666666666666,0.0
LG4,16.0,20.0,80.0,100,0.020833333333333332,0.10416666666666667,0.08333333333333334,0.0
LK1,16.0,40.0,40.0,100,0.0208333333333333,0.1041666666666666,0.0416666666666666,0.0
LK2,20.0,20.0,100.0,100,0.0208333333333333,0.1041666666666666,0.1041666666666666,0.0
