Lane,Bestandsmenge,Kapazitaet,Lagernutzungsgrad,Bestandsgenauigkeit,Durchschnittliche Wartezeit,Lagerumschlagsrate,Reichweite,Wiederbeschaffungszeit
LD1,32.0,40.0,80,100,0.0208333333333333,0.1041666666666666,0.0833333333333333,0.0625
LD2,16.0,20.0,80,100,0.0208333333333333,0.1041666666666666,0.0833333333333333,0.0416666666666666
LG1,32.0,40.0,80,100,0.0208333333333333,0.1041666666666666,0.0833333333333333,0.0625
LG2,32.0,40.0,80,100,0.020833333333333332,0.10416666666666667,0.08333333333333334,0.041666666666666664
LG3,16.0,20.0,80,100,0.0208333333333333,0.1041666666666666,0.0833333333333333,0.0625
LG4,12.0,20.0,60,100,0.0208333333333333,0.1041666666666666,0.0625,0.0416666666666666
LK1,24.0,40.0,60,100,0.0208333333333333,0.1041666666666666,0.0625,0.0625
LK2,16.0,20.0,80,100,0.0208333333333333,0.1041666666666666,0.0833333333333333,0.0625
