Lane,Bestandsmenge,Kapazitaet,Lagernutzungsgrad,Bestandsgenauigkeit,Durchschnittliche Wartezeit,Lagerumschlagsrate,Reichweite,Wiederbeschaffungszeit
LD1,32.0,40.0,80,100,0.0208333333333333,0.1041666666666666,0.0833333333333333,0.0416666666666666
LD2,12.0,20.0,60,100,0.0208333333333333,0.1041666666666666,0.0625,0.0625
LG1,40.0,40.0,100,100,0.0208333333333333,0.1041666666666666,0.1041666666666666,0.0416666666666666
LG2,24.0,40.0,60,100,0.020833333333333332,0.10416666666666667,0.0625,0.041666666666666664
LG3,12.0,20.0,60,100,0.0208333333333333,0.1041666666666666,0.0625,0.0625
LG4,16.0,20.0,80,100,0.0208333333333333,0.1041666666666666,0.0833333333333333,0.0625
LK1,24.0,40.0,60,100,0.0208333333333333,0.1041666666666666,0.0625,0.0416666666666666
LK2,16.0,20.0,80,100,0.0208333333333333,0.1041666666666666,0.0833333333333333,0.0416666666666666
