Bestandsmenge,Kapazitaet,Lagernutzungsgrad,Bestandsgenauigkeit,Durchschnittliche Wartezeit,Lagerumschlagsrate,Reichweite,Wiederbeschaffungszeit
4,4,100,75,0.166284722222222,8.26041666666667E-02,0.887777777777778,0.247361111111111
FK4,Besetzt,Time In,Waiting Time,Bestandsmenge,Kapazitaet,Losgroesse,Lead Time
Box 1,1,0.323055555555556,5.60763888888889E-02,1,1,8,1.34953703703704E-02
Box 2,2,1.52777777777778E-02,0.337858796296296,-,-,-,-
Box 3,1,0.485104166666667,0.656979166666667,-,-,-,-
Box 4,1,0.908958333333333,0.401354166666667,-,-,-,-
