Lane,Bestandsmenge,Kapazitaet,Lagernutzungsgrad,Bestandsgenauigkeit,Durchschnittliche Wartezeit,Lagerumschlagsrate,Reichweite,Wiederbeschaffungszeit
FB1,16.0,40.0,40.0,100,0.0208333333333333,0.1041666666666666,0.0416666666666666,0.0
FB2,12.0,20.0,60.0,100,0.0208333333333333,0.1041666666666666,0.0625,0.0
FK,16.0,20.0,80.0,100,0.020833333333333332,0.10416666666666667,0.08333333333333334,0.0
