Bestandsmenge,Kapazitaet,Lagernutzungsgrad,Bestandsgenauigkeit,Durchschnittliche Wartezeit,Lagerumschlagsrate,Reichweite,Wiederbeschaffungszeit
3,3,100,100,0.14349537037037,0.198981481481482,0.582048611111111,0.471840277777778
LG3,Besetzt,Time In,Waiting Time,Bestandsmenge,Kapazitaet,Losgroesse,Lead Time
Box 1,1,0.602418981481481,0.596898148148148,3,6,6,0.188321759259259
Box 2,1,0.609780092592593,0.886400462962963,-,-,-,-
Box 3,1,0.398402777777778,0.952222222222222,-,-,-,-
