Bestandsmenge,Kapazitaet,Lagernutzungsgrad,Bestandsgenauigkeit,Durchschnittliche Wartezeit,Lagerumschlagsrate,Reichweite,Wiederbeschaffungszeit
3,3,100,100,0.199548611111111,0.376435185185185,0.887939814814815,0.414409722222222
FS1,Besetzt,Time In,Waiting Time,Bestandsmenge,Kapazitaet,Losgroesse,Lead Time
Box 1,1,0.479780092592593,0.183449074074074,7,1,3,0.217662037037037
Box 2,1,0.35837962962963,0.62630787037037,-,-,-,-
Box 3,1,0.425601851851852,0.38125,-,-,-,-
