Lane,Bestandsmenge,Kapazitaet,Lagernutzungsgrad,Bestandsgenauigkeit,Durchschnittliche Wartezeit,Lagerumschlagsrate,Reichweite,Wiederbeschaffungszeit
FB1,0.0,40.0,0,100,0.0208333333333333,0.1041666666666666,0.0,0.0
FB2,8.0,20.0,40,100,0.0208333333333333,0.1041666666666666,0.0416666666666666,0.0
FK,12.0,20.0,60,100,0.0208337784837963,0.09027970679012345,0.05416782407407407,0.0
