Lane,Bestandsmenge,Kapazitaet,Lagernutzungsgrad,Bestandsgenauigkeit,Durchschnittliche Wartezeit,Lagerumschlagsrate,Reichweite,Wiederbeschaffungszeit
FB1,0.0,40.0,0,100,0.0208333333333333,0.1041666666666666,0.0,0.0
FB2,8.0,20.0,40,100,0.0208333333333333,0.1041666666666666,0.0416666666666666,0.0
FK,8.0,20.0,40,100,0.020833333333333332,0.09027777777777778,0.036111111111111115,0.0
