Lane,Bestandsmenge,Kapazitaet,Lagernutzungsgrad,Bestandsgenauigkeit,Durchschnittliche Wartezeit,Lagerumschlagsrate,Reichweite,Wiederbeschaffungszeit
FB1,8.0,40.0,20,100,0.0208333333333333,0.1041666666666666,0.0208333333333333,0.0
FB2,4.0,20.0,20,100,0.0208333333333333,0.1041666666666666,0.0208333333333333,0.0
FK,4.0,20.0,20,100,0.020833333333333332,0.10416666666666667,0.020833333333333336,0.0
